﻿<?xml version="1.0" encoding="utf-8"?>
<Project ToolsVersion="4.0" xmlns="http://schemas.microsoft.com/developer/msbuild/2003">
  <PropertyGroup>
    <IncludeCompositeObjects>True</IncludeCompositeObjects>
    <TargetDatabaseName>BookStore</TargetDatabaseName>
    <DeployScriptFileName>BookStore.sql</DeployScriptFileName>
    <TargetConnectionString>Data Source=localsql;Integrated Security=True;Pooling=False</TargetConnectionString>
    <ProfileVersionNumber>1</ProfileVersionNumber>
  </PropertyGroup>
  <ItemGroup>
    <SqlCmdVariable Include="School">
      <Value>School</Value>
    </SqlCmdVariable>
  </ItemGroup>
</Project>