{"name":"Lana Del Ray","image":"http://upload.wikimedia.org/wikipedia/commons/thumb/7/71/Lana_Del_Rey_Cannes_2012.jpg/250px-Lana_Del_Rey_Cannes_2012.jpg","created":"04/03/2009","additionalInformation":{"location":"USA","albums":"2","singles":"5","bandMembers":["Lana Del Rey"]},"id":4,"albums":[{"id":1,"name":"Born To Die","image":"http://4.bp.blogspot.com/-k9DOOTdyoxg/T0E6AyldalI/AAAAAAAAEo8/_J52RQh-r-Y/s1600/lana-del-rey-born-to-die-orange-lipstick1.jpg","year":"2010","songs":"12","price":"9","rating":0,"status":"2"}]}