{"name":"Eminem","image":"http://www.billboard.com/files/styles/promo_650/public/Best%20Bets%202013/best-bets-albums-eminem-650-430.jpg","created":"05/07/1994","additionalInformation":{"location":"USA","albums":"20","singles":"34","bandMembers":["Marshal Mathers"]},"id":7,"albums":[{"id":1,"name":"The Marchal Mathers LP","image":"http://www.sosoactive.com/wp-content/uploads/2013/10/the_marshall_mathers_lp_is.jpg","year":"1998","songs":"16","price":"14","rating":0,"status":"1"},{"id":2,"name":"The Eminem Show","image":"http://persimusic.files.wordpress.com/2013/03/eminem-the-eminem-show-2002.jpg","year":"2002","songs":"20","price":"15","status":"2","rating":0},{"id":3,"image":"http://cdn.respect-mag.com/wp-content/uploads/2013/11/encore.jpg","name":"Encore","year":"2004","songs":"20","price":"18","status":"2","rating":0},{"id":4,"image":"http://cdn.rtny.uproxx.com/wp-content/uploads/2009/05/em2.jpg","name":"Relapse","year":"2009","songs":"14","price":"20","status":"2","rating":0}]}