<?xml version="1.0" encoding="utf-8" ?><dwsync><file name="header.php" server="MAC OS/Applications/MAMP/htdocs/Teleric/" local="3462896452" remote="318763443855792964" Dst="-1" /><file name="footer.php" server="MAC OS/Applications/MAMP/htdocs/Teleric/" local="3462893869" remote="318763443855790381" Dst="-1" /><file name="header.php" server="MAC OS/Applications/MAMP/htdocs/Teleric/hw2/" local="3463505793" remote="318763443856402305" Dst="-1" /><file name="footer.php" server="MAC OS/Applications/MAMP/htdocs/Teleric/hw2/" local="3462893869" remote="318763443855790381" Dst="-1" /><file name="header.php" server="MAC OS/Applications/XAMPP/xamppfiles/htdocs/Teleric/hw2/" local="3463505839" remote="318763443856402351" Dst="-1" /><file name="footer.php" server="MAC OS/Applications/XAMPP/xamppfiles/htdocs/Teleric/hw2/" local="3462893869" remote="318763443855790381" Dst="-1" /><file name="footer.php" server="MAC OS/Applications/XAMPP/xamppfiles/htdocs/Teleric/hw3/" local="3463895310" remote="318763443856791822" Dst="-1" /><file name="header.php" server="MAC OS/Applications/XAMPP/xamppfiles/htdocs/Teleric/hw3/" local="3463907987" remote="318763443856804499" Dst="-1" /></dwsync>